Category,Subcategory,Skill,Icon
Social Sciences,Sociology,Social Research,ğŸ‘¥
Social Sciences,Sociology,Survey Design,ğŸ‘¥
Social Sciences,Sociology,Population Studies,ğŸ‘¥
Social Sciences,Sociology,Social Work,ğŸ‘¥
Social Sciences,Sociology,Gender Studies,ğŸ‘¥
Social Sciences,Sociology,Urban Sociology,ğŸ‘¥
Social Sciences,Sociology,Rural Sociology,ğŸ‘¥
Social Sciences,Sociology,Sociological Theory,ğŸ‘¥
Social Sciences,Sociology,Demography,ğŸ‘¥
Social Sciences,Sociology,Criminology,ğŸ‘¥
Social Sciences,Sociology,Human Rights,ğŸ‘¥
Social Sciences,Sociology,Social Policy,ğŸ‘¥
Social Sciences,Sociology,Development Studies,ğŸ‘¥
Social Sciences,Sociology,Behavioral Studies,ğŸ‘¥
Social Sciences,Sociology,Cultural Studies,ğŸ‘¥
Social Sciences,Sociology,Community Development,ğŸ‘¥
Social Sciences,Sociology,Public Welfare,ğŸ‘¥
Social Sciences,Sociology,Conflict Studies,ğŸ‘¥
Social Sciences,Sociology,Social Welfare Administration,ğŸ‘¥
Social Sciences,Sociology,Social Statistics,ğŸ‘¥
Social Sciences,Political Science,Political Theory,ğŸ›ï¸
Social Sciences,Political Science,International Relations,ğŸ›ï¸
Social Sciences,Political Science,Public Administration,ğŸ›ï¸
Social Sciences,Political Science,Comparative Politics,ğŸ›ï¸
Social Sciences,Political Science,Geopolitics,ğŸ›ï¸
Social Sciences,Political Science,Foreign Policy Analysis,ğŸ›ï¸
Social Sciences,Political Science,Diplomacy,ğŸ›ï¸
Social Sciences,Political Science,Public Governance,ğŸ›ï¸
Social Sciences,Political Science,Public Policy Analysis,ğŸ›ï¸
Social Sciences,Political Science,Legislative Studies,ğŸ›ï¸
Social Sciences,Political Science,Judicial Studies,ğŸ›ï¸
Social Sciences,Political Science,Political Economy,ğŸ›ï¸
Social Sciences,Political Science,Defense and Security Studies,ğŸ›ï¸
Social Sciences,Political Science,Civil Society and NGOs,ğŸ›ï¸
Social Sciences,Political Science,Human Rights Law,ğŸ›ï¸
Social Sciences,Political Science,International Organizations,ğŸ›ï¸
Social Sciences,Political Science,Elections and Voting Behavior,ğŸ›ï¸
Social Sciences,Political Science,Political Journalism,ğŸ›ï¸
Social Sciences,Political Science,Peace and Conflict Studies,ğŸ›ï¸
Social Sciences,Political Science,Global Studies,ğŸ›ï¸
Social Sciences,History,World History,ğŸ“œ
Social Sciences,History,South Asian History,ğŸ“œ
Social Sciences,History,Islamic History,ğŸ“œ
Social Sciences,History,Ancient Civilizations,ğŸ“œ
Social Sciences,History,Modern Civilizations,ğŸ“œ
Social Sciences,History,Archaeology,ğŸ“œ
Social Sciences,History,Cultural Heritage,ğŸ“œ
Social Sciences,History,Historical Research,ğŸ“œ
Social Sciences,History,Historiography,ğŸ“œ
Social Sciences,History,Political History,ğŸ“œ
Social Sciences,History,Economic History,ğŸ“œ
Social Sciences,History,Social History,ğŸ“œ
Social Sciences,History,Military History,ğŸ“œ
Social Sciences,History,Colonial and Postcolonial Studies,ğŸ“œ
Social Sciences,History,Indus Valley Civilization,ğŸ“œ
Social Sciences,History,Religious History,ğŸ“œ
Social Sciences,History,Medieval Studies,ğŸ“œ
Social Sciences,History,National Movements,ğŸ“œ
Social Sciences,History,Historical Tourism,ğŸ“œ
Social Sciences,History,Archival Studies,ğŸ“œ
Social Sciences,Geography,Human Geography,ğŸ—ºï¸
Social Sciences,Geography,Physical Geography,ğŸ—ºï¸
Social Sciences,Geography,Cartography,ğŸ—ºï¸
Social Sciences,Geography,GIS Mapping,ğŸ—ºï¸
Social Sciences,Geography,Climatology,ğŸ—ºï¸
Social Sciences,Geography,Environmental Geography,ğŸ—ºï¸
Social Sciences,Geography,Urban Planning,ğŸ—ºï¸
Social Sciences,Geography,Regional Planning,ğŸ—ºï¸
Social Sciences,Geography,Remote Sensing,ğŸ—ºï¸
Social Sciences,Geography,Population Geography,ğŸ—ºï¸
Social Sciences,Geography,Agricultural Geography,ğŸ—ºï¸
Social Sciences,Geography,Transportation Geography,ğŸ—ºï¸
Social Sciences,Geography,Economic Geography,ğŸ—ºï¸
Social Sciences,Geography,Mountain Studies,ğŸ—ºï¸
Social Sciences,Geography,River Systems Studies,ğŸ—ºï¸
Social Sciences,Geography,Geopolitical Mapping,ğŸ—ºï¸
Social Sciences,Geography,Earth Surface Processes,ğŸ—ºï¸
Social Sciences,Geography,Disaster Management,ğŸ—ºï¸
Social Sciences,Geography,Land Use Planning,ğŸ—ºï¸
Social Sciences,Geography,Tourism Geography,ğŸ—ºï¸
Social Sciences,Anthropology,Cultural Anthropology,ğŸª¶
Social Sciences,Anthropology,Social Anthropology,ğŸª¶
Social Sciences,Anthropology,Biological Anthropology,ğŸª¶
Social Sciences,Anthropology,Archaeological Anthropology,ğŸª¶
Social Sciences,Anthropology,Linguistic Anthropology,ğŸª¶
Social Sciences,Anthropology,Ethnography,ğŸª¶
Social Sciences,Anthropology,Human Evolution Studies,ğŸª¶
Social Sciences,Anthropology,Folklore Studies,ğŸª¶
Social Sciences,Anthropology,Kinship and Family Patterns,ğŸª¶
Social Sciences,Anthropology,Tribal Studies,ğŸª¶
Social Sciences,Anthropology,Ritual and Symbolism,ğŸª¶
Social Sciences,Anthropology,Mythology Studies,ğŸª¶
Social Sciences,Anthropology,Material Culture Studies,ğŸª¶
Social Sciences,Anthropology,Art and Culture Studies,ğŸª¶
Social Sciences,Anthropology,Human Diversity Studies,ğŸª¶
Social Sciences,Anthropology,Civilization Studies,ğŸª¶
Social Sciences,Anthropology,Field Research Methods,ğŸª¶
Social Sciences,Anthropology,Museum Anthropology,ğŸª¶
Social Sciences,Anthropology,Human Ecology,ğŸª¶
Social Sciences,Anthropology,Cultural Heritage Protection,ğŸª¶
